vulnerability_id,intensity_bin_id,damage_bin_id,probability
1.0,1,2,0.2672413793103448
1.0,1,3,0.35344827586206895
1.0,1,4,0.3793103448275862
1.0,2,2,0.030612244897959183
1.0,2,3,0.32653061224489793
1.0,2,4,0.3673469387755102
1.0,2,5,0.2755102040816326
1.0,3,3,0.09411764705882353
1.0,3,4,0.32941176470588235
1.0,3,5,0.36470588235294116
1.0,3,6,0.21176470588235294
1.0,4,4,0.2
1.0,4,5,0.26666666666666666
1.0,4,6,0.49523809523809526
1.0,4,7,0.0380952380952381
1.0,5,4,0.058333333333333334
1.0,5,5,0.3
1.0,5,6,0.3416666666666667
1.0,5,7,0.3
1.0,6,5,0.052083333333333336
1.0,6,6,0.2916666666666667
1.0,6,7,0.3645833333333333
1.0,6,8,0.2916666666666667
1.0,7,6,0.1619047619047619
1.0,7,7,0.3238095238095238
1.0,7,8,0.5142857142857142
1.0,8,6,0.09090909090909091
1.0,8,7,0.2545454545454545
1.0,8,8,0.44545454545454544
1.0,8,9,0.20909090909090908
1.0,9,6,0.04040404040404041
1.0,9,7,0.20202020202020202
1.0,9,8,0.48484848484848486
1.0,9,9,0.2727272727272727
1.0,10,7,0.15315315315315314
1.0,10,8,0.3333333333333333
1.0,10,9,0.5135135135135135
1.0,11,7,0.14736842105263157
1.0,11,8,0.22105263157894736
1.0,11,9,0.631578947368421
1.0,12,7,0.058823529411764705
1.0,12,8,0.22549019607843138
1.0,12,9,0.5098039215686274
1.0,12,10,0.20588235294117646
1.0,13,7,0.05172413793103448
1.0,13,8,0.25862068965517243
1.0,13,9,0.3879310344827586
1.0,13,10,0.3017241379310345
1.0,14,7,0.02912621359223301
1.0,14,8,0.07766990291262135
1.0,14,9,0.32038834951456313
1.0,14,10,0.5728155339805825
1.0,15,8,0.0990990990990991
1.0,15,9,0.3063063063063063
1.0,15,10,0.5945945945945946
1.0,16,8,0.07207207207207207
1.0,16,9,0.21621621621621623
1.0,16,10,0.5225225225225225
1.0,16,11,0.1891891891891892
1.0,17,8,0.05263157894736842
1.0,17,9,0.14912280701754385
1.0,17,10,0.49122807017543857
1.0,17,11,0.30701754385964913
1.0,18,9,0.25742574257425743
1.0,18,10,0.36633663366336633
1.0,18,11,0.21782178217821782
1.0,18,12,0.15841584158415842
1.0,19,8,0.02247191011235955
1.0,19,9,0.12359550561797752
1.0,19,10,0.33707865168539325
1.0,19,11,0.3146067415730337
1.0,19,12,0.20224719101123595
1.0,20,8,0.010869565217391304
1.0,20,9,0.14130434782608695
1.0,20,10,0.2826086956521739
1.0,20,11,0.3804347826086957
1.0,20,12,0.18478260869565216
1.0,21,9,0.036036036036036036
1.0,21,10,0.2882882882882883
1.0,21,11,0.32432432432432434
1.0,21,12,0.35135135135135137
1.0,22,9,0.07368421052631578
1.0,22,10,0.3157894736842105
1.0,22,11,0.3684210526315789
1.0,22,12,0.24210526315789474
1.0,23,9,0.12727272727272726
1.0,23,10,0.2727272727272727
1.0,23,11,0.19090909090909092
1.0,23,12,0.4090909090909091
1.0,24,9,0.11235955056179775
1.0,24,10,0.29213483146067415
1.0,24,11,0.2696629213483146
1.0,24,12,0.3258426966292135
1.0,25,9,0.11818181818181818
1.0,25,10,0.22727272727272727
1.0,25,11,0.2636363636363636
1.0,25,12,0.39090909090909093
1.0,26,9,0.13131313131313133
1.0,26,10,0.26262626262626265
1.0,26,11,0.21212121212121213
1.0,26,12,0.3939393939393939
1.0,27,9,0.14150943396226415
1.0,27,10,0.2358490566037736
1.0,27,11,0.2169811320754717
1.0,27,12,0.4056603773584906
1.0,28,9,0.08653846153846154
1.0,28,10,0.14423076923076922
1.0,28,11,0.3557692307692308
1.0,28,12,0.41346153846153844
1.0,29,9,0.07216494845360824
1.0,29,10,0.28865979381443296
1.0,29,11,0.1958762886597938
1.0,29,12,0.44329896907216493
2.0,1,2,0.2672413793103448
2.0,1,3,0.35344827586206895
2.0,1,4,0.3793103448275862
2.0,2,2,0.030612244897959183
2.0,2,3,0.32653061224489793
2.0,2,4,0.3673469387755102
2.0,2,5,0.2755102040816326
2.0,3,3,0.09411764705882353
2.0,3,4,0.32941176470588235
2.0,3,5,0.36470588235294116
2.0,3,6,0.21176470588235294
2.0,4,4,0.2
2.0,4,5,0.26666666666666666
2.0,4,6,0.49523809523809526
2.0,4,7,0.0380952380952381
2.0,5,4,0.058333333333333334
2.0,5,5,0.3
2.0,5,6,0.3416666666666667
2.0,5,7,0.3
2.0,6,5,0.052083333333333336
2.0,6,6,0.2916666666666667
2.0,6,7,0.3645833333333333
2.0,6,8,0.2916666666666667
2.0,7,6,0.1619047619047619
2.0,7,7,0.3238095238095238
2.0,7,8,0.5142857142857142
2.0,8,6,0.09090909090909091
2.0,8,7,0.2545454545454545
2.0,8,8,0.44545454545454544
2.0,8,9,0.20909090909090908
2.0,9,6,0.04040404040404041
2.0,9,7,0.20202020202020202
2.0,9,8,0.48484848484848486
2.0,9,9,0.2727272727272727
2.0,10,7,0.15315315315315314
2.0,10,8,0.3333333333333333
2.0,10,9,0.5135135135135135
2.0,11,7,0.14736842105263157
2.0,11,8,0.22105263157894736
2.0,11,9,0.631578947368421
2.0,12,7,0.058823529411764705
2.0,12,8,0.22549019607843138
2.0,12,9,0.5098039215686274
2.0,12,10,0.20588235294117646
2.0,13,7,0.05172413793103448
2.0,13,8,0.25862068965517243
2.0,13,9,0.3879310344827586
2.0,13,10,0.3017241379310345
2.0,14,7,0.02912621359223301
2.0,14,8,0.07766990291262135
2.0,14,9,0.32038834951456313
2.0,14,10,0.5728155339805825
2.0,15,8,0.0990990990990991
2.0,15,9,0.3063063063063063
2.0,15,10,0.5945945945945946
2.0,16,8,0.07207207207207207
2.0,16,9,0.21621621621621623
2.0,16,10,0.5225225225225225
2.0,16,11,0.1891891891891892
2.0,17,8,0.05263157894736842
2.0,17,9,0.14912280701754385
2.0,17,10,0.49122807017543857
2.0,17,11,0.30701754385964913
2.0,18,9,0.25742574257425743
2.0,18,10,0.36633663366336633
2.0,18,11,0.21782178217821782
2.0,18,12,0.15841584158415842
2.0,19,8,0.02247191011235955
2.0,19,9,0.12359550561797752
2.0,19,10,0.33707865168539325
2.0,19,11,0.3146067415730337
2.0,19,12,0.20224719101123595
2.0,20,8,0.010869565217391304
2.0,20,9,0.14130434782608695
2.0,20,10,0.2826086956521739
2.0,20,11,0.3804347826086957
2.0,20,12,0.18478260869565216
2.0,21,9,0.036036036036036036
2.0,21,10,0.2882882882882883
2.0,21,11,0.32432432432432434
2.0,21,12,0.35135135135135137
2.0,22,9,0.07368421052631578
2.0,22,10,0.3157894736842105
2.0,22,11,0.3684210526315789
2.0,22,12,0.24210526315789474
2.0,23,9,0.12727272727272726
2.0,23,10,0.2727272727272727
2.0,23,11,0.19090909090909092
2.0,23,12,0.4090909090909091
2.0,24,9,0.11235955056179775
2.0,24,10,0.29213483146067415
2.0,24,11,0.2696629213483146
2.0,24,12,0.3258426966292135
2.0,25,9,0.11818181818181818
2.0,25,10,0.22727272727272727
2.0,25,11,0.2636363636363636
2.0,25,12,0.39090909090909093
2.0,26,9,0.13131313131313133
2.0,26,10,0.26262626262626265
2.0,26,11,0.21212121212121213
2.0,26,12,0.3939393939393939
2.0,27,9,0.14150943396226415
2.0,27,10,0.2358490566037736
2.0,27,11,0.2169811320754717
2.0,27,12,0.4056603773584906
2.0,28,9,0.08653846153846154
2.0,28,10,0.14423076923076922
2.0,28,11,0.3557692307692308
2.0,28,12,0.41346153846153844
2.0,29,9,0.07216494845360824
2.0,29,10,0.28865979381443296
2.0,29,11,0.1958762886597938
2.0,29,12,0.44329896907216493
3.0,1,2,0.2672413793103448
3.0,1,3,0.35344827586206895
3.0,1,4,0.3793103448275862
3.0,2,2,0.030612244897959183
3.0,2,3,0.32653061224489793
3.0,2,4,0.3673469387755102
3.0,2,5,0.2755102040816326
3.0,3,3,0.09411764705882353
3.0,3,4,0.32941176470588235
3.0,3,5,0.36470588235294116
3.0,3,6,0.21176470588235294
3.0,4,4,0.2
3.0,4,5,0.26666666666666666
3.0,4,6,0.49523809523809526
3.0,4,7,0.0380952380952381
3.0,5,4,0.058333333333333334
3.0,5,5,0.3
3.0,5,6,0.3416666666666667
3.0,5,7,0.3
3.0,6,5,0.052083333333333336
3.0,6,6,0.2916666666666667
3.0,6,7,0.3645833333333333
3.0,6,8,0.2916666666666667
3.0,7,6,0.1619047619047619
3.0,7,7,0.3238095238095238
3.0,7,8,0.5142857142857142
3.0,8,6,0.09090909090909091
3.0,8,7,0.2545454545454545
3.0,8,8,0.44545454545454544
3.0,8,9,0.20909090909090908
3.0,9,6,0.04040404040404041
3.0,9,7,0.20202020202020202
3.0,9,8,0.48484848484848486
3.0,9,9,0.2727272727272727
3.0,10,7,0.15315315315315314
3.0,10,8,0.3333333333333333
3.0,10,9,0.5135135135135135
3.0,11,7,0.14736842105263157
3.0,11,8,0.22105263157894736
3.0,11,9,0.631578947368421
3.0,12,7,0.058823529411764705
3.0,12,8,0.22549019607843138
3.0,12,9,0.5098039215686274
3.0,12,10,0.20588235294117646
3.0,13,7,0.05172413793103448
3.0,13,8,0.25862068965517243
3.0,13,9,0.3879310344827586
3.0,13,10,0.3017241379310345
3.0,14,7,0.02912621359223301
3.0,14,8,0.07766990291262135
3.0,14,9,0.32038834951456313
3.0,14,10,0.5728155339805825
3.0,15,8,0.0990990990990991
3.0,15,9,0.3063063063063063
3.0,15,10,0.5945945945945946
3.0,16,8,0.07207207207207207
3.0,16,9,0.21621621621621623
3.0,16,10,0.5225225225225225
3.0,16,11,0.1891891891891892
3.0,17,8,0.05263157894736842
3.0,17,9,0.14912280701754385
3.0,17,10,0.49122807017543857
3.0,17,11,0.30701754385964913
3.0,18,9,0.25742574257425743
3.0,18,10,0.36633663366336633
3.0,18,11,0.21782178217821782
3.0,18,12,0.15841584158415842
3.0,19,8,0.02247191011235955
3.0,19,9,0.12359550561797752
3.0,19,10,0.33707865168539325
3.0,19,11,0.3146067415730337
3.0,19,12,0.20224719101123595
3.0,20,8,0.010869565217391304
3.0,20,9,0.14130434782608695
3.0,20,10,0.2826086956521739
3.0,20,11,0.3804347826086957
3.0,20,12,0.18478260869565216
3.0,21,9,0.036036036036036036
3.0,21,10,0.2882882882882883
3.0,21,11,0.32432432432432434
3.0,21,12,0.35135135135135137
3.0,22,9,0.07368421052631578
3.0,22,10,0.3157894736842105
3.0,22,11,0.3684210526315789
3.0,22,12,0.24210526315789474
3.0,23,9,0.12727272727272726
3.0,23,10,0.2727272727272727
3.0,23,11,0.19090909090909092
3.0,23,12,0.4090909090909091
3.0,24,9,0.11235955056179775
3.0,24,10,0.29213483146067415
3.0,24,11,0.2696629213483146
3.0,24,12,0.3258426966292135
3.0,25,9,0.11818181818181818
3.0,25,10,0.22727272727272727
3.0,25,11,0.2636363636363636
3.0,25,12,0.39090909090909093
3.0,26,9,0.13131313131313133
3.0,26,10,0.26262626262626265
3.0,26,11,0.21212121212121213
3.0,26,12,0.3939393939393939
3.0,27,9,0.14150943396226415
3.0,27,10,0.2358490566037736
3.0,27,11,0.2169811320754717
3.0,27,12,0.4056603773584906
3.0,28,9,0.08653846153846154
3.0,28,10,0.14423076923076922
3.0,28,11,0.3557692307692308
3.0,28,12,0.41346153846153844
3.0,29,9,0.07216494845360824
3.0,29,10,0.28865979381443296
3.0,29,11,0.1958762886597938
3.0,29,12,0.44329896907216493
4.0,1,2,0.2672413793103448
4.0,1,3,0.35344827586206895
4.0,1,4,0.3793103448275862
4.0,2,2,0.030612244897959183
4.0,2,3,0.32653061224489793
4.0,2,4,0.3673469387755102
4.0,2,5,0.2755102040816326
4.0,3,3,0.09411764705882353
4.0,3,4,0.32941176470588235
4.0,3,5,0.36470588235294116
4.0,3,6,0.21176470588235294
4.0,4,4,0.2
4.0,4,5,0.26666666666666666
4.0,4,6,0.49523809523809526
4.0,4,7,0.0380952380952381
4.0,5,4,0.058333333333333334
4.0,5,5,0.3
4.0,5,6,0.3416666666666667
4.0,5,7,0.3
4.0,6,5,0.052083333333333336
4.0,6,6,0.2916666666666667
4.0,6,7,0.3645833333333333
4.0,6,8,0.2916666666666667
4.0,7,6,0.1619047619047619
4.0,7,7,0.3238095238095238
4.0,7,8,0.5142857142857142
4.0,8,6,0.09090909090909091
4.0,8,7,0.2545454545454545
4.0,8,8,0.44545454545454544
4.0,8,9,0.20909090909090908
4.0,9,6,0.04040404040404041
4.0,9,7,0.20202020202020202
4.0,9,8,0.48484848484848486
4.0,9,9,0.2727272727272727
4.0,10,7,0.15315315315315314
4.0,10,8,0.3333333333333333
4.0,10,9,0.5135135135135135
4.0,11,7,0.14736842105263157
4.0,11,8,0.22105263157894736
4.0,11,9,0.631578947368421
4.0,12,7,0.058823529411764705
4.0,12,8,0.22549019607843138
4.0,12,9,0.5098039215686274
4.0,12,10,0.20588235294117646
4.0,13,7,0.05172413793103448
4.0,13,8,0.25862068965517243
4.0,13,9,0.3879310344827586
4.0,13,10,0.3017241379310345
4.0,14,7,0.02912621359223301
4.0,14,8,0.07766990291262135
4.0,14,9,0.32038834951456313
4.0,14,10,0.5728155339805825
4.0,15,8,0.0990990990990991
4.0,15,9,0.3063063063063063
4.0,15,10,0.5945945945945946
4.0,16,8,0.07207207207207207
4.0,16,9,0.21621621621621623
4.0,16,10,0.5225225225225225
4.0,16,11,0.1891891891891892
4.0,17,8,0.05263157894736842
4.0,17,9,0.14912280701754385
4.0,17,10,0.49122807017543857
4.0,17,11,0.30701754385964913
4.0,18,9,0.25742574257425743
4.0,18,10,0.36633663366336633
4.0,18,11,0.21782178217821782
4.0,18,12,0.15841584158415842
4.0,19,8,0.02247191011235955
4.0,19,9,0.12359550561797752
4.0,19,10,0.33707865168539325
4.0,19,11,0.3146067415730337
4.0,19,12,0.20224719101123595
4.0,20,8,0.010869565217391304
4.0,20,9,0.14130434782608695
4.0,20,10,0.2826086956521739
4.0,20,11,0.3804347826086957
4.0,20,12,0.18478260869565216
4.0,21,9,0.036036036036036036
4.0,21,10,0.2882882882882883
4.0,21,11,0.32432432432432434
4.0,21,12,0.35135135135135137
4.0,22,9,0.07368421052631578
4.0,22,10,0.3157894736842105
4.0,22,11,0.3684210526315789
4.0,22,12,0.24210526315789474
4.0,23,9,0.12727272727272726
4.0,23,10,0.2727272727272727
4.0,23,11,0.19090909090909092
4.0,23,12,0.4090909090909091
4.0,24,9,0.11235955056179775
4.0,24,10,0.29213483146067415
4.0,24,11,0.2696629213483146
4.0,24,12,0.3258426966292135
4.0,25,9,0.11818181818181818
4.0,25,10,0.22727272727272727
4.0,25,11,0.2636363636363636
4.0,25,12,0.39090909090909093
4.0,26,9,0.13131313131313133
4.0,26,10,0.26262626262626265
4.0,26,11,0.21212121212121213
4.0,26,12,0.3939393939393939
4.0,27,9,0.14150943396226415
4.0,27,10,0.2358490566037736
4.0,27,11,0.2169811320754717
4.0,27,12,0.4056603773584906
4.0,28,9,0.08653846153846154
4.0,28,10,0.14423076923076922
4.0,28,11,0.3557692307692308
4.0,28,12,0.41346153846153844
4.0,29,9,0.07216494845360824
4.0,29,10,0.28865979381443296
4.0,29,11,0.1958762886597938
4.0,29,12,0.44329896907216493
5.0,1,2,0.2672413793103448
5.0,1,3,0.35344827586206895
5.0,1,4,0.3793103448275862
5.0,2,2,0.030612244897959183
5.0,2,3,0.32653061224489793
5.0,2,4,0.3673469387755102
5.0,2,5,0.2755102040816326
5.0,3,3,0.09411764705882353
5.0,3,4,0.32941176470588235
5.0,3,5,0.36470588235294116
5.0,3,6,0.21176470588235294
5.0,4,4,0.2
5.0,4,5,0.26666666666666666
5.0,4,6,0.49523809523809526
5.0,4,7,0.0380952380952381
5.0,5,4,0.058333333333333334
5.0,5,5,0.3
5.0,5,6,0.3416666666666667
5.0,5,7,0.3
5.0,6,5,0.052083333333333336
5.0,6,6,0.2916666666666667
5.0,6,7,0.3645833333333333
5.0,6,8,0.2916666666666667
5.0,7,6,0.1619047619047619
5.0,7,7,0.3238095238095238
5.0,7,8,0.5142857142857142
5.0,8,6,0.09090909090909091
5.0,8,7,0.2545454545454545
5.0,8,8,0.44545454545454544
5.0,8,9,0.20909090909090908
5.0,9,6,0.04040404040404041
5.0,9,7,0.20202020202020202
5.0,9,8,0.48484848484848486
5.0,9,9,0.2727272727272727
5.0,10,7,0.15315315315315314
5.0,10,8,0.3333333333333333
5.0,10,9,0.5135135135135135
5.0,11,7,0.14736842105263157
5.0,11,8,0.22105263157894736
5.0,11,9,0.631578947368421
5.0,12,7,0.058823529411764705
5.0,12,8,0.22549019607843138
5.0,12,9,0.5098039215686274
5.0,12,10,0.20588235294117646
5.0,13,7,0.05172413793103448
5.0,13,8,0.25862068965517243
5.0,13,9,0.3879310344827586
5.0,13,10,0.3017241379310345
5.0,14,7,0.02912621359223301
5.0,14,8,0.07766990291262135
5.0,14,9,0.32038834951456313
5.0,14,10,0.5728155339805825
5.0,15,8,0.0990990990990991
5.0,15,9,0.3063063063063063
5.0,15,10,0.5945945945945946
5.0,16,8,0.07207207207207207
5.0,16,9,0.21621621621621623
5.0,16,10,0.5225225225225225
5.0,16,11,0.1891891891891892
5.0,17,8,0.05263157894736842
5.0,17,9,0.14912280701754385
5.0,17,10,0.49122807017543857
5.0,17,11,0.30701754385964913
5.0,18,9,0.25742574257425743
5.0,18,10,0.36633663366336633
5.0,18,11,0.21782178217821782
5.0,18,12,0.15841584158415842
5.0,19,8,0.02247191011235955
5.0,19,9,0.12359550561797752
5.0,19,10,0.33707865168539325
5.0,19,11,0.3146067415730337
5.0,19,12,0.20224719101123595
5.0,20,8,0.010869565217391304
5.0,20,9,0.14130434782608695
5.0,20,10,0.2826086956521739
5.0,20,11,0.3804347826086957
5.0,20,12,0.18478260869565216
5.0,21,9,0.036036036036036036
5.0,21,10,0.2882882882882883
5.0,21,11,0.32432432432432434
5.0,21,12,0.35135135135135137
5.0,22,9,0.07368421052631578
5.0,22,10,0.3157894736842105
5.0,22,11,0.3684210526315789
5.0,22,12,0.24210526315789474
5.0,23,9,0.12727272727272726
5.0,23,10,0.2727272727272727
5.0,23,11,0.19090909090909092
5.0,23,12,0.4090909090909091
5.0,24,9,0.11235955056179775
5.0,24,10,0.29213483146067415
5.0,24,11,0.2696629213483146
5.0,24,12,0.3258426966292135
5.0,25,9,0.11818181818181818
5.0,25,10,0.22727272727272727
5.0,25,11,0.2636363636363636
5.0,25,12,0.39090909090909093
5.0,26,9,0.13131313131313133
5.0,26,10,0.26262626262626265
5.0,26,11,0.21212121212121213
5.0,26,12,0.3939393939393939
5.0,27,9,0.14150943396226415
5.0,27,10,0.2358490566037736
5.0,27,11,0.2169811320754717
5.0,27,12,0.4056603773584906
5.0,28,9,0.08653846153846154
5.0,28,10,0.14423076923076922
5.0,28,11,0.3557692307692308
5.0,28,12,0.41346153846153844
5.0,29,9,0.07216494845360824
5.0,29,10,0.28865979381443296
5.0,29,11,0.1958762886597938
5.0,29,12,0.44329896907216493
6.0,1,2,0.2672413793103448
6.0,1,3,0.35344827586206895
6.0,1,4,0.3793103448275862
6.0,2,2,0.030612244897959183
6.0,2,3,0.32653061224489793
6.0,2,4,0.3673469387755102
6.0,2,5,0.2755102040816326
6.0,3,3,0.09411764705882353
6.0,3,4,0.32941176470588235
6.0,3,5,0.36470588235294116
6.0,3,6,0.21176470588235294
6.0,4,4,0.2
6.0,4,5,0.26666666666666666
6.0,4,6,0.49523809523809526
6.0,4,7,0.0380952380952381
6.0,5,4,0.058333333333333334
6.0,5,5,0.3
6.0,5,6,0.3416666666666667
6.0,5,7,0.3
6.0,6,5,0.052083333333333336
6.0,6,6,0.2916666666666667
6.0,6,7,0.3645833333333333
6.0,6,8,0.2916666666666667
6.0,7,6,0.1619047619047619
6.0,7,7,0.3238095238095238
6.0,7,8,0.5142857142857142
6.0,8,6,0.09090909090909091
6.0,8,7,0.2545454545454545
6.0,8,8,0.44545454545454544
6.0,8,9,0.20909090909090908
6.0,9,6,0.04040404040404041
6.0,9,7,0.20202020202020202
6.0,9,8,0.48484848484848486
6.0,9,9,0.2727272727272727
6.0,10,7,0.15315315315315314
6.0,10,8,0.3333333333333333
6.0,10,9,0.5135135135135135
6.0,11,7,0.14736842105263157
6.0,11,8,0.22105263157894736
6.0,11,9,0.631578947368421
6.0,12,7,0.058823529411764705
6.0,12,8,0.22549019607843138
6.0,12,9,0.5098039215686274
6.0,12,10,0.20588235294117646
6.0,13,7,0.05172413793103448
6.0,13,8,0.25862068965517243
6.0,13,9,0.3879310344827586
6.0,13,10,0.3017241379310345
6.0,14,7,0.02912621359223301
6.0,14,8,0.07766990291262135
6.0,14,9,0.32038834951456313
6.0,14,10,0.5728155339805825
6.0,15,8,0.0990990990990991
6.0,15,9,0.3063063063063063
6.0,15,10,0.5945945945945946
6.0,16,8,0.07207207207207207
6.0,16,9,0.21621621621621623
6.0,16,10,0.5225225225225225
6.0,16,11,0.1891891891891892
6.0,17,8,0.05263157894736842
6.0,17,9,0.14912280701754385
6.0,17,10,0.49122807017543857
6.0,17,11,0.30701754385964913
6.0,18,9,0.25742574257425743
6.0,18,10,0.36633663366336633
6.0,18,11,0.21782178217821782
6.0,18,12,0.15841584158415842
6.0,19,8,0.02247191011235955
6.0,19,9,0.12359550561797752
6.0,19,10,0.33707865168539325
6.0,19,11,0.3146067415730337
6.0,19,12,0.20224719101123595
6.0,20,8,0.010869565217391304
6.0,20,9,0.14130434782608695
6.0,20,10,0.2826086956521739
6.0,20,11,0.3804347826086957
6.0,20,12,0.18478260869565216
6.0,21,9,0.036036036036036036
6.0,21,10,0.2882882882882883
6.0,21,11,0.32432432432432434
6.0,21,12,0.35135135135135137
6.0,22,9,0.07368421052631578
6.0,22,10,0.3157894736842105
6.0,22,11,0.3684210526315789
6.0,22,12,0.24210526315789474
6.0,23,9,0.12727272727272726
6.0,23,10,0.2727272727272727
6.0,23,11,0.19090909090909092
6.0,23,12,0.4090909090909091
6.0,24,9,0.11235955056179775
6.0,24,10,0.29213483146067415
6.0,24,11,0.2696629213483146
6.0,24,12,0.3258426966292135
6.0,25,9,0.11818181818181818
6.0,25,10,0.22727272727272727
6.0,25,11,0.2636363636363636
6.0,25,12,0.39090909090909093
6.0,26,9,0.13131313131313133
6.0,26,10,0.26262626262626265
6.0,26,11,0.21212121212121213
6.0,26,12,0.3939393939393939
6.0,27,9,0.14150943396226415
6.0,27,10,0.2358490566037736
6.0,27,11,0.2169811320754717
6.0,27,12,0.4056603773584906
6.0,28,9,0.08653846153846154
6.0,28,10,0.14423076923076922
6.0,28,11,0.3557692307692308
6.0,28,12,0.41346153846153844
6.0,29,9,0.07216494845360824
6.0,29,10,0.28865979381443296
6.0,29,11,0.1958762886597938
6.0,29,12,0.44329896907216493
7.0,1,2,0.2672413793103448
7.0,1,3,0.35344827586206895
7.0,1,4,0.3793103448275862
7.0,2,2,0.030612244897959183
7.0,2,3,0.32653061224489793
7.0,2,4,0.3673469387755102
7.0,2,5,0.2755102040816326
7.0,3,3,0.09411764705882353
7.0,3,4,0.32941176470588235
7.0,3,5,0.36470588235294116
7.0,3,6,0.21176470588235294
7.0,4,4,0.2
7.0,4,5,0.26666666666666666
7.0,4,6,0.49523809523809526
7.0,4,7,0.0380952380952381
7.0,5,4,0.058333333333333334
7.0,5,5,0.3
7.0,5,6,0.3416666666666667
7.0,5,7,0.3
7.0,6,5,0.052083333333333336
7.0,6,6,0.2916666666666667
7.0,6,7,0.3645833333333333
7.0,6,8,0.2916666666666667
7.0,7,6,0.1619047619047619
7.0,7,7,0.3238095238095238
7.0,7,8,0.5142857142857142
7.0,8,6,0.09090909090909091
7.0,8,7,0.2545454545454545
7.0,8,8,0.44545454545454544
7.0,8,9,0.20909090909090908
7.0,9,6,0.04040404040404041
7.0,9,7,0.20202020202020202
7.0,9,8,0.48484848484848486
7.0,9,9,0.2727272727272727
7.0,10,7,0.15315315315315314
7.0,10,8,0.3333333333333333
7.0,10,9,0.5135135135135135
7.0,11,7,0.14736842105263157
7.0,11,8,0.22105263157894736
7.0,11,9,0.631578947368421
7.0,12,7,0.058823529411764705
7.0,12,8,0.22549019607843138
7.0,12,9,0.5098039215686274
7.0,12,10,0.20588235294117646
7.0,13,7,0.05172413793103448
7.0,13,8,0.25862068965517243
7.0,13,9,0.3879310344827586
7.0,13,10,0.3017241379310345
7.0,14,7,0.02912621359223301
7.0,14,8,0.07766990291262135
7.0,14,9,0.32038834951456313
7.0,14,10,0.5728155339805825
7.0,15,8,0.0990990990990991
7.0,15,9,0.3063063063063063
7.0,15,10,0.5945945945945946
7.0,16,8,0.07207207207207207
7.0,16,9,0.21621621621621623
7.0,16,10,0.5225225225225225
7.0,16,11,0.1891891891891892
7.0,17,8,0.05263157894736842
7.0,17,9,0.14912280701754385
7.0,17,10,0.49122807017543857
7.0,17,11,0.30701754385964913
7.0,18,9,0.25742574257425743
7.0,18,10,0.36633663366336633
7.0,18,11,0.21782178217821782
7.0,18,12,0.15841584158415842
7.0,19,8,0.02247191011235955
7.0,19,9,0.12359550561797752
7.0,19,10,0.33707865168539325
7.0,19,11,0.3146067415730337
7.0,19,12,0.20224719101123595
7.0,20,8,0.010869565217391304
7.0,20,9,0.14130434782608695
7.0,20,10,0.2826086956521739
7.0,20,11,0.3804347826086957
7.0,20,12,0.18478260869565216
7.0,21,9,0.036036036036036036
7.0,21,10,0.2882882882882883
7.0,21,11,0.32432432432432434
7.0,21,12,0.35135135135135137
7.0,22,9,0.07368421052631578
7.0,22,10,0.3157894736842105
7.0,22,11,0.3684210526315789
7.0,22,12,0.24210526315789474
7.0,23,9,0.12727272727272726
7.0,23,10,0.2727272727272727
7.0,23,11,0.19090909090909092
7.0,23,12,0.4090909090909091
7.0,24,9,0.11235955056179775
7.0,24,10,0.29213483146067415
7.0,24,11,0.2696629213483146
7.0,24,12,0.3258426966292135
7.0,25,9,0.11818181818181818
7.0,25,10,0.22727272727272727
7.0,25,11,0.2636363636363636
7.0,25,12,0.39090909090909093
7.0,26,9,0.13131313131313133
7.0,26,10,0.26262626262626265
7.0,26,11,0.21212121212121213
7.0,26,12,0.3939393939393939
7.0,27,9,0.14150943396226415
7.0,27,10,0.2358490566037736
7.0,27,11,0.2169811320754717
7.0,27,12,0.4056603773584906
7.0,28,9,0.08653846153846154
7.0,28,10,0.14423076923076922
7.0,28,11,0.3557692307692308
7.0,28,12,0.41346153846153844
7.0,29,9,0.07216494845360824
7.0,29,10,0.28865979381443296
7.0,29,11,0.1958762886597938
7.0,29,12,0.44329896907216493
8.0,1,2,0.2672413793103448
8.0,1,3,0.35344827586206895
8.0,1,4,0.3793103448275862
8.0,2,2,0.030612244897959183
8.0,2,3,0.32653061224489793
8.0,2,4,0.3673469387755102
8.0,2,5,0.2755102040816326
8.0,3,3,0.09411764705882353
8.0,3,4,0.32941176470588235
8.0,3,5,0.36470588235294116
8.0,3,6,0.21176470588235294
8.0,4,4,0.2
8.0,4,5,0.26666666666666666
8.0,4,6,0.49523809523809526
8.0,4,7,0.0380952380952381
8.0,5,4,0.058333333333333334
8.0,5,5,0.3
8.0,5,6,0.3416666666666667
8.0,5,7,0.3
8.0,6,5,0.052083333333333336
8.0,6,6,0.2916666666666667
8.0,6,7,0.3645833333333333
8.0,6,8,0.2916666666666667
8.0,7,6,0.1619047619047619
8.0,7,7,0.3238095238095238
8.0,7,8,0.5142857142857142
8.0,8,6,0.09090909090909091
8.0,8,7,0.2545454545454545
8.0,8,8,0.44545454545454544
8.0,8,9,0.20909090909090908
8.0,9,6,0.04040404040404041
8.0,9,7,0.20202020202020202
8.0,9,8,0.48484848484848486
8.0,9,9,0.2727272727272727
8.0,10,7,0.15315315315315314
8.0,10,8,0.3333333333333333
8.0,10,9,0.5135135135135135
8.0,11,7,0.14736842105263157
8.0,11,8,0.22105263157894736
8.0,11,9,0.631578947368421
8.0,12,7,0.058823529411764705
8.0,12,8,0.22549019607843138
8.0,12,9,0.5098039215686274
8.0,12,10,0.20588235294117646
8.0,13,7,0.05172413793103448
8.0,13,8,0.25862068965517243
8.0,13,9,0.3879310344827586
8.0,13,10,0.3017241379310345
8.0,14,7,0.02912621359223301
8.0,14,8,0.07766990291262135
8.0,14,9,0.32038834951456313
8.0,14,10,0.5728155339805825
8.0,15,8,0.0990990990990991
8.0,15,9,0.3063063063063063
8.0,15,10,0.5945945945945946
8.0,16,8,0.07207207207207207
8.0,16,9,0.21621621621621623
8.0,16,10,0.5225225225225225
8.0,16,11,0.1891891891891892
8.0,17,8,0.05263157894736842
8.0,17,9,0.14912280701754385
8.0,17,10,0.49122807017543857
8.0,17,11,0.30701754385964913
8.0,18,9,0.25742574257425743
8.0,18,10,0.36633663366336633
8.0,18,11,0.21782178217821782
8.0,18,12,0.15841584158415842
8.0,19,8,0.02247191011235955
8.0,19,9,0.12359550561797752
8.0,19,10,0.33707865168539325
8.0,19,11,0.3146067415730337
8.0,19,12,0.20224719101123595
8.0,20,8,0.010869565217391304
8.0,20,9,0.14130434782608695
8.0,20,10,0.2826086956521739
8.0,20,11,0.3804347826086957
8.0,20,12,0.18478260869565216
8.0,21,9,0.036036036036036036
8.0,21,10,0.2882882882882883
8.0,21,11,0.32432432432432434
8.0,21,12,0.35135135135135137
8.0,22,9,0.07368421052631578
8.0,22,10,0.3157894736842105
8.0,22,11,0.3684210526315789
8.0,22,12,0.24210526315789474
8.0,23,9,0.12727272727272726
8.0,23,10,0.2727272727272727
8.0,23,11,0.19090909090909092
8.0,23,12,0.4090909090909091
8.0,24,9,0.11235955056179775
8.0,24,10,0.29213483146067415
8.0,24,11,0.2696629213483146
8.0,24,12,0.3258426966292135
8.0,25,9,0.11818181818181818
8.0,25,10,0.22727272727272727
8.0,25,11,0.2636363636363636
8.0,25,12,0.39090909090909093
8.0,26,9,0.13131313131313133
8.0,26,10,0.26262626262626265
8.0,26,11,0.21212121212121213
8.0,26,12,0.3939393939393939
8.0,27,9,0.14150943396226415
8.0,27,10,0.2358490566037736
8.0,27,11,0.2169811320754717
8.0,27,12,0.4056603773584906
8.0,28,9,0.08653846153846154
8.0,28,10,0.14423076923076922
8.0,28,11,0.3557692307692308
8.0,28,12,0.41346153846153844
8.0,29,9,0.07216494845360824
8.0,29,10,0.28865979381443296
8.0,29,11,0.1958762886597938
8.0,29,12,0.44329896907216493
9.0,1,2,0.2672413793103448
9.0,1,3,0.35344827586206895
9.0,1,4,0.3793103448275862
9.0,2,2,0.030612244897959183
9.0,2,3,0.32653061224489793
9.0,2,4,0.3673469387755102
9.0,2,5,0.2755102040816326
9.0,3,3,0.09411764705882353
9.0,3,4,0.32941176470588235
9.0,3,5,0.36470588235294116
9.0,3,6,0.21176470588235294
9.0,4,4,0.2
9.0,4,5,0.26666666666666666
9.0,4,6,0.49523809523809526
9.0,4,7,0.0380952380952381
9.0,5,4,0.058333333333333334
9.0,5,5,0.3
9.0,5,6,0.3416666666666667
9.0,5,7,0.3
9.0,6,5,0.052083333333333336
9.0,6,6,0.2916666666666667
9.0,6,7,0.3645833333333333
9.0,6,8,0.2916666666666667
9.0,7,6,0.1619047619047619
9.0,7,7,0.3238095238095238
9.0,7,8,0.5142857142857142
9.0,8,6,0.09090909090909091
9.0,8,7,0.2545454545454545
9.0,8,8,0.44545454545454544
9.0,8,9,0.20909090909090908
9.0,9,6,0.04040404040404041
9.0,9,7,0.20202020202020202
9.0,9,8,0.48484848484848486
9.0,9,9,0.2727272727272727
9.0,10,7,0.15315315315315314
9.0,10,8,0.3333333333333333
9.0,10,9,0.5135135135135135
9.0,11,7,0.14736842105263157
9.0,11,8,0.22105263157894736
9.0,11,9,0.631578947368421
9.0,12,7,0.058823529411764705
9.0,12,8,0.22549019607843138
9.0,12,9,0.5098039215686274
9.0,12,10,0.20588235294117646
9.0,13,7,0.05172413793103448
9.0,13,8,0.25862068965517243
9.0,13,9,0.3879310344827586
9.0,13,10,0.3017241379310345
9.0,14,7,0.02912621359223301
9.0,14,8,0.07766990291262135
9.0,14,9,0.32038834951456313
9.0,14,10,0.5728155339805825
9.0,15,8,0.0990990990990991
9.0,15,9,0.3063063063063063
9.0,15,10,0.5945945945945946
9.0,16,8,0.07207207207207207
9.0,16,9,0.21621621621621623
9.0,16,10,0.5225225225225225
9.0,16,11,0.1891891891891892
9.0,17,8,0.05263157894736842
9.0,17,9,0.14912280701754385
9.0,17,10,0.49122807017543857
9.0,17,11,0.30701754385964913
9.0,18,9,0.25742574257425743
9.0,18,10,0.36633663366336633
9.0,18,11,0.21782178217821782
9.0,18,12,0.15841584158415842
9.0,19,8,0.02247191011235955
9.0,19,9,0.12359550561797752
9.0,19,10,0.33707865168539325
9.0,19,11,0.3146067415730337
9.0,19,12,0.20224719101123595
9.0,20,8,0.010869565217391304
9.0,20,9,0.14130434782608695
9.0,20,10,0.2826086956521739
9.0,20,11,0.3804347826086957
9.0,20,12,0.18478260869565216
9.0,21,9,0.036036036036036036
9.0,21,10,0.2882882882882883
9.0,21,11,0.32432432432432434
9.0,21,12,0.35135135135135137
9.0,22,9,0.07368421052631578
9.0,22,10,0.3157894736842105
9.0,22,11,0.3684210526315789
9.0,22,12,0.24210526315789474
9.0,23,9,0.12727272727272726
9.0,23,10,0.2727272727272727
9.0,23,11,0.19090909090909092
9.0,23,12,0.4090909090909091
9.0,24,9,0.11235955056179775
9.0,24,10,0.29213483146067415
9.0,24,11,0.2696629213483146
9.0,24,12,0.3258426966292135
9.0,25,9,0.11818181818181818
9.0,25,10,0.22727272727272727
9.0,25,11,0.2636363636363636
9.0,25,12,0.39090909090909093
9.0,26,9,0.13131313131313133
9.0,26,10,0.26262626262626265
9.0,26,11,0.21212121212121213
9.0,26,12,0.3939393939393939
9.0,27,9,0.14150943396226415
9.0,27,10,0.2358490566037736
9.0,27,11,0.2169811320754717
9.0,27,12,0.4056603773584906
9.0,28,9,0.08653846153846154
9.0,28,10,0.14423076923076922
9.0,28,11,0.3557692307692308
9.0,28,12,0.41346153846153844
9.0,29,9,0.07216494845360824
9.0,29,10,0.28865979381443296
9.0,29,11,0.1958762886597938
9.0,29,12,0.44329896907216493
10.0,1,2,0.2672413793103448
10.0,1,3,0.35344827586206895
10.0,1,4,0.3793103448275862
10.0,2,2,0.030612244897959183
10.0,2,3,0.32653061224489793
10.0,2,4,0.3673469387755102
10.0,2,5,0.2755102040816326
10.0,3,3,0.09411764705882353
10.0,3,4,0.32941176470588235
10.0,3,5,0.36470588235294116
10.0,3,6,0.21176470588235294
10.0,4,4,0.2
10.0,4,5,0.26666666666666666
10.0,4,6,0.49523809523809526
10.0,4,7,0.0380952380952381
10.0,5,4,0.058333333333333334
10.0,5,5,0.3
10.0,5,6,0.3416666666666667
10.0,5,7,0.3
10.0,6,5,0.052083333333333336
10.0,6,6,0.2916666666666667
10.0,6,7,0.3645833333333333
10.0,6,8,0.2916666666666667
10.0,7,6,0.1619047619047619
10.0,7,7,0.3238095238095238
10.0,7,8,0.5142857142857142
10.0,8,6,0.09090909090909091
10.0,8,7,0.2545454545454545
10.0,8,8,0.44545454545454544
10.0,8,9,0.20909090909090908
10.0,9,6,0.04040404040404041
10.0,9,7,0.20202020202020202
10.0,9,8,0.48484848484848486
10.0,9,9,0.2727272727272727
10.0,10,7,0.15315315315315314
10.0,10,8,0.3333333333333333
10.0,10,9,0.5135135135135135
10.0,11,7,0.14736842105263157
10.0,11,8,0.22105263157894736
10.0,11,9,0.631578947368421
10.0,12,7,0.058823529411764705
10.0,12,8,0.22549019607843138
10.0,12,9,0.5098039215686274
10.0,12,10,0.20588235294117646
10.0,13,7,0.05172413793103448
10.0,13,8,0.25862068965517243
10.0,13,9,0.3879310344827586
10.0,13,10,0.3017241379310345
10.0,14,7,0.02912621359223301
10.0,14,8,0.07766990291262135
10.0,14,9,0.32038834951456313
10.0,14,10,0.5728155339805825
10.0,15,8,0.0990990990990991
10.0,15,9,0.3063063063063063
10.0,15,10,0.5945945945945946
10.0,16,8,0.07207207207207207
10.0,16,9,0.21621621621621623
10.0,16,10,0.5225225225225225
10.0,16,11,0.1891891891891892
10.0,17,8,0.05263157894736842
10.0,17,9,0.14912280701754385
10.0,17,10,0.49122807017543857
10.0,17,11,0.30701754385964913
10.0,18,9,0.25742574257425743
10.0,18,10,0.36633663366336633
10.0,18,11,0.21782178217821782
10.0,18,12,0.15841584158415842
10.0,19,8,0.02247191011235955
10.0,19,9,0.12359550561797752
10.0,19,10,0.33707865168539325
10.0,19,11,0.3146067415730337
10.0,19,12,0.20224719101123595
10.0,20,8,0.010869565217391304
10.0,20,9,0.14130434782608695
10.0,20,10,0.2826086956521739
10.0,20,11,0.3804347826086957
10.0,20,12,0.18478260869565216
10.0,21,9,0.036036036036036036
10.0,21,10,0.2882882882882883
10.0,21,11,0.32432432432432434
10.0,21,12,0.35135135135135137
10.0,22,9,0.07368421052631578
10.0,22,10,0.3157894736842105
10.0,22,11,0.3684210526315789
10.0,22,12,0.24210526315789474
10.0,23,9,0.12727272727272726
10.0,23,10,0.2727272727272727
10.0,23,11,0.19090909090909092
10.0,23,12,0.4090909090909091
10.0,24,9,0.11235955056179775
10.0,24,10,0.29213483146067415
10.0,24,11,0.2696629213483146
10.0,24,12,0.3258426966292135
10.0,25,9,0.11818181818181818
10.0,25,10,0.22727272727272727
10.0,25,11,0.2636363636363636
10.0,25,12,0.39090909090909093
10.0,26,9,0.13131313131313133
10.0,26,10,0.26262626262626265
10.0,26,11,0.21212121212121213
10.0,26,12,0.3939393939393939
10.0,27,9,0.14150943396226415
10.0,27,10,0.2358490566037736
10.0,27,11,0.2169811320754717
10.0,27,12,0.4056603773584906
10.0,28,9,0.08653846153846154
10.0,28,10,0.14423076923076922
10.0,28,11,0.3557692307692308
10.0,28,12,0.41346153846153844
10.0,29,9,0.07216494845360824
10.0,29,10,0.28865979381443296
10.0,29,11,0.1958762886597938
10.0,29,12,0.44329896907216493
11.0,1,2,0.2672413793103448
11.0,1,3,0.35344827586206895
11.0,1,4,0.3793103448275862
11.0,2,2,0.030612244897959183
11.0,2,3,0.32653061224489793
11.0,2,4,0.3673469387755102
11.0,2,5,0.2755102040816326
11.0,3,3,0.09411764705882353
11.0,3,4,0.32941176470588235
11.0,3,5,0.36470588235294116
11.0,3,6,0.21176470588235294
11.0,4,4,0.2
11.0,4,5,0.26666666666666666
11.0,4,6,0.49523809523809526
11.0,4,7,0.0380952380952381
11.0,5,4,0.058333333333333334
11.0,5,5,0.3
11.0,5,6,0.3416666666666667
11.0,5,7,0.3
11.0,6,5,0.052083333333333336
11.0,6,6,0.2916666666666667
11.0,6,7,0.3645833333333333
11.0,6,8,0.2916666666666667
11.0,7,6,0.1619047619047619
11.0,7,7,0.3238095238095238
11.0,7,8,0.5142857142857142
11.0,8,6,0.09090909090909091
11.0,8,7,0.2545454545454545
11.0,8,8,0.44545454545454544
11.0,8,9,0.20909090909090908
11.0,9,6,0.04040404040404041
11.0,9,7,0.20202020202020202
11.0,9,8,0.48484848484848486
11.0,9,9,0.2727272727272727
11.0,10,7,0.15315315315315314
11.0,10,8,0.3333333333333333
11.0,10,9,0.5135135135135135
11.0,11,7,0.14736842105263157
11.0,11,8,0.22105263157894736
11.0,11,9,0.631578947368421
11.0,12,7,0.058823529411764705
11.0,12,8,0.22549019607843138
11.0,12,9,0.5098039215686274
11.0,12,10,0.20588235294117646
11.0,13,7,0.05172413793103448
11.0,13,8,0.25862068965517243
11.0,13,9,0.3879310344827586
11.0,13,10,0.3017241379310345
11.0,14,7,0.02912621359223301
11.0,14,8,0.07766990291262135
11.0,14,9,0.32038834951456313
11.0,14,10,0.5728155339805825
11.0,15,8,0.0990990990990991
11.0,15,9,0.3063063063063063
11.0,15,10,0.5945945945945946
11.0,16,8,0.07207207207207207
11.0,16,9,0.21621621621621623
11.0,16,10,0.5225225225225225
11.0,16,11,0.1891891891891892
11.0,17,8,0.05263157894736842
11.0,17,9,0.14912280701754385
11.0,17,10,0.49122807017543857
11.0,17,11,0.30701754385964913
11.0,18,9,0.25742574257425743
11.0,18,10,0.36633663366336633
11.0,18,11,0.21782178217821782
11.0,18,12,0.15841584158415842
11.0,19,8,0.02247191011235955
11.0,19,9,0.12359550561797752
11.0,19,10,0.33707865168539325
11.0,19,11,0.3146067415730337
11.0,19,12,0.20224719101123595
11.0,20,8,0.010869565217391304
11.0,20,9,0.14130434782608695
11.0,20,10,0.2826086956521739
11.0,20,11,0.3804347826086957
11.0,20,12,0.18478260869565216
11.0,21,9,0.036036036036036036
11.0,21,10,0.2882882882882883
11.0,21,11,0.32432432432432434
11.0,21,12,0.35135135135135137
11.0,22,9,0.07368421052631578
11.0,22,10,0.3157894736842105
11.0,22,11,0.3684210526315789
11.0,22,12,0.24210526315789474
11.0,23,9,0.12727272727272726
11.0,23,10,0.2727272727272727
11.0,23,11,0.19090909090909092
11.0,23,12,0.4090909090909091
11.0,24,9,0.11235955056179775
11.0,24,10,0.29213483146067415
11.0,24,11,0.2696629213483146
11.0,24,12,0.3258426966292135
11.0,25,9,0.11818181818181818
11.0,25,10,0.22727272727272727
11.0,25,11,0.2636363636363636
11.0,25,12,0.39090909090909093
11.0,26,9,0.13131313131313133
11.0,26,10,0.26262626262626265
11.0,26,11,0.21212121212121213
11.0,26,12,0.3939393939393939
11.0,27,9,0.14150943396226415
11.0,27,10,0.2358490566037736
11.0,27,11,0.2169811320754717
11.0,27,12,0.4056603773584906
11.0,28,9,0.08653846153846154
11.0,28,10,0.14423076923076922
11.0,28,11,0.3557692307692308
11.0,28,12,0.41346153846153844
11.0,29,9,0.07216494845360824
11.0,29,10,0.28865979381443296
11.0,29,11,0.1958762886597938
11.0,29,12,0.44329896907216493
12.0,1,2,0.2672413793103448
12.0,1,3,0.35344827586206895
12.0,1,4,0.3793103448275862
12.0,2,2,0.030612244897959183
12.0,2,3,0.32653061224489793
12.0,2,4,0.3673469387755102
12.0,2,5,0.2755102040816326
12.0,3,3,0.09411764705882353
12.0,3,4,0.32941176470588235
12.0,3,5,0.36470588235294116
12.0,3,6,0.21176470588235294
12.0,4,4,0.2
12.0,4,5,0.26666666666666666
12.0,4,6,0.49523809523809526
12.0,4,7,0.0380952380952381
12.0,5,4,0.058333333333333334
12.0,5,5,0.3
12.0,5,6,0.3416666666666667
12.0,5,7,0.3
12.0,6,5,0.052083333333333336
12.0,6,6,0.2916666666666667
12.0,6,7,0.3645833333333333
12.0,6,8,0.2916666666666667
12.0,7,6,0.1619047619047619
12.0,7,7,0.3238095238095238
12.0,7,8,0.5142857142857142
12.0,8,6,0.09090909090909091
12.0,8,7,0.2545454545454545
12.0,8,8,0.44545454545454544
12.0,8,9,0.20909090909090908
12.0,9,6,0.04040404040404041
12.0,9,7,0.20202020202020202
12.0,9,8,0.48484848484848486
12.0,9,9,0.2727272727272727
12.0,10,7,0.15315315315315314
12.0,10,8,0.3333333333333333
12.0,10,9,0.5135135135135135
12.0,11,7,0.14736842105263157
12.0,11,8,0.22105263157894736
12.0,11,9,0.631578947368421
12.0,12,7,0.058823529411764705
12.0,12,8,0.22549019607843138
12.0,12,9,0.5098039215686274
12.0,12,10,0.20588235294117646
12.0,13,7,0.05172413793103448
12.0,13,8,0.25862068965517243
12.0,13,9,0.3879310344827586
12.0,13,10,0.3017241379310345
12.0,14,7,0.02912621359223301
12.0,14,8,0.07766990291262135
12.0,14,9,0.32038834951456313
12.0,14,10,0.5728155339805825
12.0,15,8,0.0990990990990991
12.0,15,9,0.3063063063063063
12.0,15,10,0.5945945945945946
12.0,16,8,0.07207207207207207
12.0,16,9,0.21621621621621623
12.0,16,10,0.5225225225225225
12.0,16,11,0.1891891891891892
12.0,17,8,0.05263157894736842
12.0,17,9,0.14912280701754385
12.0,17,10,0.49122807017543857
12.0,17,11,0.30701754385964913
12.0,18,9,0.25742574257425743
12.0,18,10,0.36633663366336633
12.0,18,11,0.21782178217821782
12.0,18,12,0.15841584158415842
12.0,19,8,0.02247191011235955
12.0,19,9,0.12359550561797752
12.0,19,10,0.33707865168539325
12.0,19,11,0.3146067415730337
12.0,19,12,0.20224719101123595
12.0,20,8,0.010869565217391304
12.0,20,9,0.14130434782608695
12.0,20,10,0.2826086956521739
12.0,20,11,0.3804347826086957
12.0,20,12,0.18478260869565216
12.0,21,9,0.036036036036036036
12.0,21,10,0.2882882882882883
12.0,21,11,0.32432432432432434
12.0,21,12,0.35135135135135137
12.0,22,9,0.07368421052631578
12.0,22,10,0.3157894736842105
12.0,22,11,0.3684210526315789
12.0,22,12,0.24210526315789474
12.0,23,9,0.12727272727272726
12.0,23,10,0.2727272727272727
12.0,23,11,0.19090909090909092
12.0,23,12,0.4090909090909091
12.0,24,9,0.11235955056179775
12.0,24,10,0.29213483146067415
12.0,24,11,0.2696629213483146
12.0,24,12,0.3258426966292135
12.0,25,9,0.11818181818181818
12.0,25,10,0.22727272727272727
12.0,25,11,0.2636363636363636
12.0,25,12,0.39090909090909093
12.0,26,9,0.13131313131313133
12.0,26,10,0.26262626262626265
12.0,26,11,0.21212121212121213
12.0,26,12,0.3939393939393939
12.0,27,9,0.14150943396226415
12.0,27,10,0.2358490566037736
12.0,27,11,0.2169811320754717
12.0,27,12,0.4056603773584906
12.0,28,9,0.08653846153846154
12.0,28,10,0.14423076923076922
12.0,28,11,0.3557692307692308
12.0,28,12,0.41346153846153844
12.0,29,9,0.07216494845360824
12.0,29,10,0.28865979381443296
12.0,29,11,0.1958762886597938
12.0,29,12,0.44329896907216493
